--
-- PostgreSQL database dump
--

-- Dumped from database version 14.17 (Ubuntu 14.17-0ubuntu0.22.04.1)
-- Dumped by pg_dump version 14.17 (Ubuntu 14.17-0ubuntu0.22.04.1)

SET statement_timeout = 0;
SET lock_timeout = 0;
SET idle_in_transaction_session_timeout = 0;
SET client_encoding = 'UTF8';
SET standard_conforming_strings = on;
SELECT pg_catalog.set_config('search_path', '', false);
SET check_function_bodies = false;
SET xmloption = content;
SET client_min_messages = warning;
SET row_security = off;

SET default_tablespace = '';

SET default_table_access_method = heap;

--
-- Name: auth_group; Type: TABLE; Schema: public; Owner: postgres
--

CREATE TABLE public.auth_group (
    id integer NOT NULL,
    name character varying(150) NOT NULL
);


ALTER TABLE public.auth_group OWNER TO postgres;

--
-- Name: auth_group_id_seq; Type: SEQUENCE; Schema: public; Owner: postgres
--

ALTER TABLE public.auth_group ALTER COLUMN id ADD GENERATED BY DEFAULT AS IDENTITY (
    SEQUENCE NAME public.auth_group_id_seq
    START WITH 1
    INCREMENT BY 1
    NO MINVALUE
    NO MAXVALUE
    CACHE 1
);


--
-- Name: auth_group_permissions; Type: TABLE; Schema: public; Owner: postgres
--

CREATE TABLE public.auth_group_permissions (
    id bigint NOT NULL,
    group_id integer NOT NULL,
    permission_id integer NOT NULL
);


ALTER TABLE public.auth_group_permissions OWNER TO postgres;

--
-- Name: auth_group_permissions_id_seq; Type: SEQUENCE; Schema: public; Owner: postgres
--

ALTER TABLE public.auth_group_permissions ALTER COLUMN id ADD GENERATED BY DEFAULT AS IDENTITY (
    SEQUENCE NAME public.auth_group_permissions_id_seq
    START WITH 1
    INCREMENT BY 1
    NO MINVALUE
    NO MAXVALUE
    CACHE 1
);


--
-- Name: auth_permission; Type: TABLE; Schema: public; Owner: postgres
--

CREATE TABLE public.auth_permission (
    id integer NOT NULL,
    name character varying(255) NOT NULL,
    content_type_id integer NOT NULL,
    codename character varying(100) NOT NULL
);


ALTER TABLE public.auth_permission OWNER TO postgres;

--
-- Name: auth_permission_id_seq; Type: SEQUENCE; Schema: public; Owner: postgres
--

ALTER TABLE public.auth_permission ALTER COLUMN id ADD GENERATED BY DEFAULT AS IDENTITY (
    SEQUENCE NAME public.auth_permission_id_seq
    START WITH 1
    INCREMENT BY 1
    NO MINVALUE
    NO MAXVALUE
    CACHE 1
);


--
-- Name: auth_user; Type: TABLE; Schema: public; Owner: postgres
--

CREATE TABLE public.auth_user (
    id integer NOT NULL,
    password character varying(128) NOT NULL,
    last_login timestamp with time zone,
    is_superuser boolean NOT NULL,
    username character varying(150) NOT NULL,
    first_name character varying(150) NOT NULL,
    last_name character varying(150) NOT NULL,
    email character varying(254) NOT NULL,
    is_staff boolean NOT NULL,
    is_active boolean NOT NULL,
    date_joined timestamp with time zone NOT NULL
);


ALTER TABLE public.auth_user OWNER TO postgres;

--
-- Name: auth_user_groups; Type: TABLE; Schema: public; Owner: postgres
--

CREATE TABLE public.auth_user_groups (
    id bigint NOT NULL,
    user_id integer NOT NULL,
    group_id integer NOT NULL
);


ALTER TABLE public.auth_user_groups OWNER TO postgres;

--
-- Name: auth_user_groups_id_seq; Type: SEQUENCE; Schema: public; Owner: postgres
--

ALTER TABLE public.auth_user_groups ALTER COLUMN id ADD GENERATED BY DEFAULT AS IDENTITY (
    SEQUENCE NAME public.auth_user_groups_id_seq
    START WITH 1
    INCREMENT BY 1
    NO MINVALUE
    NO MAXVALUE
    CACHE 1
);


--
-- Name: auth_user_id_seq; Type: SEQUENCE; Schema: public; Owner: postgres
--

ALTER TABLE public.auth_user ALTER COLUMN id ADD GENERATED BY DEFAULT AS IDENTITY (
    SEQUENCE NAME public.auth_user_id_seq
    START WITH 1
    INCREMENT BY 1
    NO MINVALUE
    NO MAXVALUE
    CACHE 1
);


--
-- Name: auth_user_user_permissions; Type: TABLE; Schema: public; Owner: postgres
--

CREATE TABLE public.auth_user_user_permissions (
    id bigint NOT NULL,
    user_id integer NOT NULL,
    permission_id integer NOT NULL
);


ALTER TABLE public.auth_user_user_permissions OWNER TO postgres;

--
-- Name: auth_user_user_permissions_id_seq; Type: SEQUENCE; Schema: public; Owner: postgres
--

ALTER TABLE public.auth_user_user_permissions ALTER COLUMN id ADD GENERATED BY DEFAULT AS IDENTITY (
    SEQUENCE NAME public.auth_user_user_permissions_id_seq
    START WITH 1
    INCREMENT BY 1
    NO MINVALUE
    NO MAXVALUE
    CACHE 1
);


--
-- Name: django_admin_log; Type: TABLE; Schema: public; Owner: postgres
--

CREATE TABLE public.django_admin_log (
    id integer NOT NULL,
    action_time timestamp with time zone NOT NULL,
    object_id text,
    object_repr character varying(200) NOT NULL,
    action_flag smallint NOT NULL,
    change_message text NOT NULL,
    content_type_id integer,
    user_id integer NOT NULL,
    CONSTRAINT django_admin_log_action_flag_check CHECK ((action_flag >= 0))
);


ALTER TABLE public.django_admin_log OWNER TO postgres;

--
-- Name: django_admin_log_id_seq; Type: SEQUENCE; Schema: public; Owner: postgres
--

ALTER TABLE public.django_admin_log ALTER COLUMN id ADD GENERATED BY DEFAULT AS IDENTITY (
    SEQUENCE NAME public.django_admin_log_id_seq
    START WITH 1
    INCREMENT BY 1
    NO MINVALUE
    NO MAXVALUE
    CACHE 1
);


--
-- Name: django_content_type; Type: TABLE; Schema: public; Owner: postgres
--

CREATE TABLE public.django_content_type (
    id integer NOT NULL,
    app_label character varying(100) NOT NULL,
    model character varying(100) NOT NULL
);


ALTER TABLE public.django_content_type OWNER TO postgres;

--
-- Name: django_content_type_id_seq; Type: SEQUENCE; Schema: public; Owner: postgres
--

ALTER TABLE public.django_content_type ALTER COLUMN id ADD GENERATED BY DEFAULT AS IDENTITY (
    SEQUENCE NAME public.django_content_type_id_seq
    START WITH 1
    INCREMENT BY 1
    NO MINVALUE
    NO MAXVALUE
    CACHE 1
);


--
-- Name: django_migrations; Type: TABLE; Schema: public; Owner: postgres
--

CREATE TABLE public.django_migrations (
    id bigint NOT NULL,
    app character varying(255) NOT NULL,
    name character varying(255) NOT NULL,
    applied timestamp with time zone NOT NULL
);


ALTER TABLE public.django_migrations OWNER TO postgres;

--
-- Name: django_migrations_id_seq; Type: SEQUENCE; Schema: public; Owner: postgres
--

ALTER TABLE public.django_migrations ALTER COLUMN id ADD GENERATED BY DEFAULT AS IDENTITY (
    SEQUENCE NAME public.django_migrations_id_seq
    START WITH 1
    INCREMENT BY 1
    NO MINVALUE
    NO MAXVALUE
    CACHE 1
);


--
-- Name: django_session; Type: TABLE; Schema: public; Owner: postgres
--

CREATE TABLE public.django_session (
    session_key character varying(40) NOT NULL,
    session_data text NOT NULL,
    expire_date timestamp with time zone NOT NULL
);


ALTER TABLE public.django_session OWNER TO postgres;

--
-- Name: fitness_booking_app_booking; Type: TABLE; Schema: public; Owner: postgres
--

CREATE TABLE public.fitness_booking_app_booking (
    id bigint NOT NULL,
    date date NOT NULL,
    booked_at timestamp with time zone NOT NULL,
    start_time time without time zone NOT NULL,
    end_time time without time zone NOT NULL,
    user_id bigint NOT NULL,
    fitness_class_id bigint NOT NULL
);


ALTER TABLE public.fitness_booking_app_booking OWNER TO postgres;

--
-- Name: fitness_booking_app_booking_id_seq; Type: SEQUENCE; Schema: public; Owner: postgres
--

ALTER TABLE public.fitness_booking_app_booking ALTER COLUMN id ADD GENERATED BY DEFAULT AS IDENTITY (
    SEQUENCE NAME public.fitness_booking_app_booking_id_seq
    START WITH 1
    INCREMENT BY 1
    NO MINVALUE
    NO MAXVALUE
    CACHE 1
);


--
-- Name: fitness_booking_app_customuser; Type: TABLE; Schema: public; Owner: postgres
--

CREATE TABLE public.fitness_booking_app_customuser (
    id bigint NOT NULL,
    password character varying(128) NOT NULL,
    last_login timestamp with time zone,
    is_superuser boolean NOT NULL,
    first_name character varying(150) NOT NULL,
    last_name character varying(150) NOT NULL,
    email character varying(254) NOT NULL,
    is_staff boolean NOT NULL,
    is_active boolean NOT NULL,
    date_joined timestamp with time zone NOT NULL,
    username character varying(150) NOT NULL,
    membership_type character varying(15) NOT NULL,
    phone_number character varying(15)
);


ALTER TABLE public.fitness_booking_app_customuser OWNER TO postgres;

--
-- Name: fitness_booking_app_customuser_groups; Type: TABLE; Schema: public; Owner: postgres
--

CREATE TABLE public.fitness_booking_app_customuser_groups (
    id bigint NOT NULL,
    customuser_id bigint NOT NULL,
    group_id integer NOT NULL
);


ALTER TABLE public.fitness_booking_app_customuser_groups OWNER TO postgres;

--
-- Name: fitness_booking_app_customuser_groups_id_seq; Type: SEQUENCE; Schema: public; Owner: postgres
--

ALTER TABLE public.fitness_booking_app_customuser_groups ALTER COLUMN id ADD GENERATED BY DEFAULT AS IDENTITY (
    SEQUENCE NAME public.fitness_booking_app_customuser_groups_id_seq
    START WITH 1
    INCREMENT BY 1
    NO MINVALUE
    NO MAXVALUE
    CACHE 1
);


--
-- Name: fitness_booking_app_customuser_id_seq; Type: SEQUENCE; Schema: public; Owner: postgres
--

ALTER TABLE public.fitness_booking_app_customuser ALTER COLUMN id ADD GENERATED BY DEFAULT AS IDENTITY (
    SEQUENCE NAME public.fitness_booking_app_customuser_id_seq
    START WITH 1
    INCREMENT BY 1
    NO MINVALUE
    NO MAXVALUE
    CACHE 1
);


--
-- Name: fitness_booking_app_customuser_user_permissions; Type: TABLE; Schema: public; Owner: postgres
--

CREATE TABLE public.fitness_booking_app_customuser_user_permissions (
    id bigint NOT NULL,
    customuser_id bigint NOT NULL,
    permission_id integer NOT NULL
);


ALTER TABLE public.fitness_booking_app_customuser_user_permissions OWNER TO postgres;

--
-- Name: fitness_booking_app_customuser_user_permissions_id_seq; Type: SEQUENCE; Schema: public; Owner: postgres
--

ALTER TABLE public.fitness_booking_app_customuser_user_permissions ALTER COLUMN id ADD GENERATED BY DEFAULT AS IDENTITY (
    SEQUENCE NAME public.fitness_booking_app_customuser_user_permissions_id_seq
    START WITH 1
    INCREMENT BY 1
    NO MINVALUE
    NO MAXVALUE
    CACHE 1
);


--
-- Name: fitness_booking_app_fitnessclasses; Type: TABLE; Schema: public; Owner: postgres
--

CREATE TABLE public.fitness_booking_app_fitnessclasses (
    id bigint NOT NULL,
    class_name character varying(100) NOT NULL,
    start_time time without time zone NOT NULL,
    end_time time without time zone NOT NULL,
    date date NOT NULL,
    instructor_name character varying(100) NOT NULL,
    capacity integer NOT NULL
);


ALTER TABLE public.fitness_booking_app_fitnessclasses OWNER TO postgres;

--
-- Name: fitness_booking_app_fitnessclasses_id_seq; Type: SEQUENCE; Schema: public; Owner: postgres
--

ALTER TABLE public.fitness_booking_app_fitnessclasses ALTER COLUMN id ADD GENERATED BY DEFAULT AS IDENTITY (
    SEQUENCE NAME public.fitness_booking_app_fitnessclasses_id_seq
    START WITH 1
    INCREMENT BY 1
    NO MINVALUE
    NO MAXVALUE
    CACHE 1
);


--
-- Data for Name: auth_group; Type: TABLE DATA; Schema: public; Owner: postgres
--

COPY public.auth_group (id, name) FROM stdin;
\.


--
-- Data for Name: auth_group_permissions; Type: TABLE DATA; Schema: public; Owner: postgres
--

COPY public.auth_group_permissions (id, group_id, permission_id) FROM stdin;
\.


--
-- Data for Name: auth_permission; Type: TABLE DATA; Schema: public; Owner: postgres
--

COPY public.auth_permission (id, name, content_type_id, codename) FROM stdin;
1	Can add log entry	1	add_logentry
2	Can change log entry	1	change_logentry
3	Can delete log entry	1	delete_logentry
4	Can view log entry	1	view_logentry
5	Can add permission	2	add_permission
6	Can change permission	2	change_permission
7	Can delete permission	2	delete_permission
8	Can view permission	2	view_permission
9	Can add group	3	add_group
10	Can change group	3	change_group
11	Can delete group	3	delete_group
12	Can view group	3	view_group
13	Can add user	4	add_user
14	Can change user	4	change_user
15	Can delete user	4	delete_user
16	Can view user	4	view_user
17	Can add content type	5	add_contenttype
18	Can change content type	5	change_contenttype
19	Can delete content type	5	delete_contenttype
20	Can view content type	5	view_contenttype
21	Can add session	6	add_session
22	Can change session	6	change_session
23	Can delete session	6	delete_session
24	Can view session	6	view_session
25	Can add booking	7	add_booking
26	Can change booking	7	change_booking
27	Can delete booking	7	delete_booking
28	Can view booking	7	view_booking
29	Can add user	8	add_customuser
30	Can change user	8	change_customuser
31	Can delete user	8	delete_customuser
32	Can view user	8	view_customuser
33	Can add fitness classes	9	add_fitnessclasses
34	Can change fitness classes	9	change_fitnessclasses
35	Can delete fitness classes	9	delete_fitnessclasses
36	Can view fitness classes	9	view_fitnessclasses
\.


--
-- Data for Name: auth_user; Type: TABLE DATA; Schema: public; Owner: postgres
--

COPY public.auth_user (id, password, last_login, is_superuser, username, first_name, last_name, email, is_staff, is_active, date_joined) FROM stdin;
1	pbkdf2_sha256$870000$Aew3LSv6XwX6meDYysdXaI$fz8ZGj3/3WQraHHLtUf/8TpNiERxHCQlCCTMkyM95o8=	\N	t	guru			mulimuoki001@gmail.com	t	t	2025-03-26 14:03:24.774395+02
3	pbkdf2_sha256$870000$s6RqtckxAkdzIHCX74JshC$5xcXCq5N9em37FV98a+aTRy6RofzTA+m0OCnxuociL0=	2025-03-31 13:48:36.891303+02	t	mulimuoki			muli@gmail.com	t	t	2025-03-31 13:04:40.600591+02
2	pbkdf2_sha256$870000$SZ9WWZlSVhgODV3d7yVI0u$BMcE0E5mDZYXhxYyNpJrmUcpxz0gB+2wMEVONKHf6cA=	2025-03-31 14:55:29.398913+02	f	muli				f	t	2025-03-30 14:54:25.094001+02
\.


--
-- Data for Name: auth_user_groups; Type: TABLE DATA; Schema: public; Owner: postgres
--

COPY public.auth_user_groups (id, user_id, group_id) FROM stdin;
\.


--
-- Data for Name: auth_user_user_permissions; Type: TABLE DATA; Schema: public; Owner: postgres
--

COPY public.auth_user_user_permissions (id, user_id, permission_id) FROM stdin;
\.


--
-- Data for Name: django_admin_log; Type: TABLE DATA; Schema: public; Owner: postgres
--

COPY public.django_admin_log (id, action_time, object_id, object_repr, action_flag, change_message, content_type_id, user_id) FROM stdin;
\.


--
-- Data for Name: django_content_type; Type: TABLE DATA; Schema: public; Owner: postgres
--

COPY public.django_content_type (id, app_label, model) FROM stdin;
1	admin	logentry
2	auth	permission
3	auth	group
4	auth	user
5	contenttypes	contenttype
6	sessions	session
7	fitness_booking_app	booking
8	fitness_booking_app	customuser
9	fitness_booking_app	fitnessclasses
\.


--
-- Data for Name: django_migrations; Type: TABLE DATA; Schema: public; Owner: postgres
--

COPY public.django_migrations (id, app, name, applied) FROM stdin;
1	contenttypes	0001_initial	2025-03-26 00:11:46.483489+02
2	auth	0001_initial	2025-03-26 00:11:46.671383+02
3	admin	0001_initial	2025-03-26 00:11:46.721308+02
4	admin	0002_logentry_remove_auto_add	2025-03-26 00:11:46.730036+02
5	admin	0003_logentry_add_action_flag_choices	2025-03-26 00:11:46.742795+02
6	contenttypes	0002_remove_content_type_name	2025-03-26 00:11:46.784367+02
7	auth	0002_alter_permission_name_max_length	2025-03-26 00:11:46.8047+02
8	auth	0003_alter_user_email_max_length	2025-03-26 00:11:46.818584+02
9	auth	0004_alter_user_username_opts	2025-03-26 00:11:46.832001+02
10	auth	0005_alter_user_last_login_null	2025-03-26 00:11:46.851914+02
11	auth	0006_require_contenttypes_0002	2025-03-26 00:11:46.856818+02
12	auth	0007_alter_validators_add_error_messages	2025-03-26 00:11:46.874199+02
13	auth	0008_alter_user_username_max_length	2025-03-26 00:11:46.902606+02
14	auth	0009_alter_user_last_name_max_length	2025-03-26 00:11:46.919883+02
15	auth	0010_alter_group_name_max_length	2025-03-26 00:11:46.941047+02
16	auth	0011_update_proxy_permissions	2025-03-26 00:11:46.956748+02
17	auth	0012_alter_user_first_name_max_length	2025-03-26 00:11:46.982323+02
18	sessions	0001_initial	2025-03-26 00:11:47.019746+02
19	fitness_booking_app	0001_initial	2025-03-30 13:06:29.788747+02
20	fitness_booking_app	0002_customuser_membership_type_customuser_phone_number	2025-03-31 14:54:29.863771+02
21	fitness_booking_app	0003_alter_booking_date	2025-03-31 16:34:16.318291+02
\.


--
-- Data for Name: django_session; Type: TABLE DATA; Schema: public; Owner: postgres
--

COPY public.django_session (session_key, session_data, expire_date) FROM stdin;
98dzalgiuw3hhomavwoo6ojqb3fo8jwr	.eJxVjDsOwjAQBe_iGll2WP8o6XMGa73r4ACypTipEHeHSCmgfTPzXiLitpa49bzEmcVFOHH63RLSI9cd8B3rrUlqdV3mJHdFHrTLsXF-Xg_376BgL98ayBnIylmv8qRQMyVmbzMjTKg9G-d0CMCg7KA9sR_AWhfU2RsLgVC8P-hAN10:1tzQsn:AYpOksj2P4g1day_BuVEimJ9A2L-uQQ3JU9JsrXLjO0	2025-04-15 03:57:41.037232+02
\.


--
-- Data for Name: fitness_booking_app_booking; Type: TABLE DATA; Schema: public; Owner: postgres
--

COPY public.fitness_booking_app_booking (id, date, booked_at, start_time, end_time, user_id, fitness_class_id) FROM stdin;
8	2025-03-31	2025-03-31 18:22:26.307337+02	16:00:00	17:00:00	4	2
9	2025-03-31	2025-03-31 18:23:02.680553+02	13:00:00	14:00:00	4	1
10	2025-03-31	2025-03-31 18:25:40.554823+02	16:00:00	17:00:00	4	2
11	2025-03-31	2025-03-31 18:25:51.290091+02	16:00:00	17:00:00	4	2
12	2025-03-31	2025-03-31 18:26:58.156192+02	16:00:00	17:00:00	4	2
13	2025-03-31	2025-03-31 18:27:06.059758+02	16:00:00	17:00:00	4	2
14	2025-03-31	2025-03-31 18:27:11.073739+02	13:00:00	14:00:00	4	1
15	2025-03-31	2025-03-31 18:28:07.503339+02	16:00:00	17:00:00	4	2
16	2025-03-31	2025-03-31 18:29:44.642488+02	16:00:00	17:00:00	4	2
17	2025-03-31	2025-03-31 18:29:49.970687+02	13:00:00	14:00:00	4	1
18	2025-03-31	2025-03-31 18:59:00.165772+02	18:00:00	19:00:00	4	3
19	2025-04-01	2025-04-01 03:39:16.979529+02	13:00:00	14:00:00	6	1
20	2025-04-01	2025-04-01 03:39:27.797507+02	18:00:00	19:00:00	6	3
21	2025-04-01	2025-04-01 03:39:38.40447+02	16:00:00	17:00:00	6	2
22	2025-04-01	2025-04-01 03:57:43.482521+02	13:00:00	14:00:00	7	1
23	2025-04-01	2025-04-01 03:59:06.122102+02	16:00:00	17:00:00	7	2
24	2025-04-01	2025-04-01 04:49:58.140499+02	18:00:00	19:00:00	7	3
\.


--
-- Data for Name: fitness_booking_app_customuser; Type: TABLE DATA; Schema: public; Owner: postgres
--

COPY public.fitness_booking_app_customuser (id, password, last_login, is_superuser, first_name, last_name, email, is_staff, is_active, date_joined, username, membership_type, phone_number) FROM stdin;
4	pbkdf2_sha256$870000$pcFhKyhLr4ccK5nDFvGrST$oXK9s3/olXO2P2cqKkS2Y0231pXpPH/QkmoPfk3dG+w=	2025-03-31 15:23:41.844993+02	t			mulimuoki@gmail.com	t	t	2025-03-31 15:19:08.145584+02	mulimuoki	BRONZE	\N
5	pbkdf2_sha256$870000$2FFWvy1QYZA9jEeHoSUTyE$2qXygVwEe9UaFCx/RxYGd5hMqgpFkskg3616TqgwhkE=	\N	f			mulimuoki001@gmail.com	f	t	2025-03-31 19:45:29.216663+02	mulimuoki001	BRONZE	+250 791 704 01
6	pbkdf2_sha256$870000$S2OmpvGhpqI8OP5IYE947H$/stafTWnP42n7+nQZYH0sGBgNqKkwitiSf6/6ilZYjY=	2025-04-01 03:39:12.358204+02	f			mulimuoki001@gmail.com	f	t	2025-04-01 03:37:40.915957+02	muli	BRONZE	+250 791 704 02
7	pbkdf2_sha256$870000$CkkETTcVT9IEnIUIjWDMMM$vwdNmY3EHWAL0Jkjy4mIQNzsChIFl3IkyVP+CGTBYOA=	2025-04-01 03:57:41.233062+02	f			mulimuoki001@gmail.com	f	t	2025-04-01 03:57:26.722089+02	mulii	BRONZE	+250 791 704 04
\.


--
-- Data for Name: fitness_booking_app_customuser_groups; Type: TABLE DATA; Schema: public; Owner: postgres
--

COPY public.fitness_booking_app_customuser_groups (id, customuser_id, group_id) FROM stdin;
\.


--
-- Data for Name: fitness_booking_app_customuser_user_permissions; Type: TABLE DATA; Schema: public; Owner: postgres
--

COPY public.fitness_booking_app_customuser_user_permissions (id, customuser_id, permission_id) FROM stdin;
\.


--
-- Data for Name: fitness_booking_app_fitnessclasses; Type: TABLE DATA; Schema: public; Owner: postgres
--

COPY public.fitness_booking_app_fitnessclasses (id, class_name, start_time, end_time, date, instructor_name, capacity) FROM stdin;
1	Biceps Class	13:00:00	14:00:00	2025-03-26	Muli Brian	10
2	Triceps Classes	16:00:00	17:00:00	2025-04-06	James Brian	14
3	Zigwembe Class	18:00:00	19:00:00	2025-04-04	Muli Brian Rukundo	27
\.


--
-- Name: auth_group_id_seq; Type: SEQUENCE SET; Schema: public; Owner: postgres
--

SELECT pg_catalog.setval('public.auth_group_id_seq', 1, false);


--
-- Name: auth_group_permissions_id_seq; Type: SEQUENCE SET; Schema: public; Owner: postgres
--

SELECT pg_catalog.setval('public.auth_group_permissions_id_seq', 1, false);


--
-- Name: auth_permission_id_seq; Type: SEQUENCE SET; Schema: public; Owner: postgres
--

SELECT pg_catalog.setval('public.auth_permission_id_seq', 36, true);


--
-- Name: auth_user_groups_id_seq; Type: SEQUENCE SET; Schema: public; Owner: postgres
--

SELECT pg_catalog.setval('public.auth_user_groups_id_seq', 1, false);


--
-- Name: auth_user_id_seq; Type: SEQUENCE SET; Schema: public; Owner: postgres
--

SELECT pg_catalog.setval('public.auth_user_id_seq', 3, true);


--
-- Name: auth_user_user_permissions_id_seq; Type: SEQUENCE SET; Schema: public; Owner: postgres
--

SELECT pg_catalog.setval('public.auth_user_user_permissions_id_seq', 1, false);


--
-- Name: django_admin_log_id_seq; Type: SEQUENCE SET; Schema: public; Owner: postgres
--

SELECT pg_catalog.setval('public.django_admin_log_id_seq', 1, false);


--
-- Name: django_content_type_id_seq; Type: SEQUENCE SET; Schema: public; Owner: postgres
--

SELECT pg_catalog.setval('public.django_content_type_id_seq', 9, true);


--
-- Name: django_migrations_id_seq; Type: SEQUENCE SET; Schema: public; Owner: postgres
--

SELECT pg_catalog.setval('public.django_migrations_id_seq', 21, true);


--
-- Name: fitness_booking_app_booking_id_seq; Type: SEQUENCE SET; Schema: public; Owner: postgres
--

SELECT pg_catalog.setval('public.fitness_booking_app_booking_id_seq', 24, true);


--
-- Name: fitness_booking_app_customuser_groups_id_seq; Type: SEQUENCE SET; Schema: public; Owner: postgres
--

SELECT pg_catalog.setval('public.fitness_booking_app_customuser_groups_id_seq', 1, false);


--
-- Name: fitness_booking_app_customuser_id_seq; Type: SEQUENCE SET; Schema: public; Owner: postgres
--

SELECT pg_catalog.setval('public.fitness_booking_app_customuser_id_seq', 7, true);


--
-- Name: fitness_booking_app_customuser_user_permissions_id_seq; Type: SEQUENCE SET; Schema: public; Owner: postgres
--

SELECT pg_catalog.setval('public.fitness_booking_app_customuser_user_permissions_id_seq', 1, false);


--
-- Name: fitness_booking_app_fitnessclasses_id_seq; Type: SEQUENCE SET; Schema: public; Owner: postgres
--

SELECT pg_catalog.setval('public.fitness_booking_app_fitnessclasses_id_seq', 3, true);


--
-- Name: auth_group auth_group_name_key; Type: CONSTRAINT; Schema: public; Owner: postgres
--

ALTER TABLE ONLY public.auth_group
    ADD CONSTRAINT auth_group_name_key UNIQUE (name);


--
-- Name: auth_group_permissions auth_group_permissions_group_id_permission_id_0cd325b0_uniq; Type: CONSTRAINT; Schema: public; Owner: postgres
--

ALTER TABLE ONLY public.auth_group_permissions
    ADD CONSTRAINT auth_group_permissions_group_id_permission_id_0cd325b0_uniq UNIQUE (group_id, permission_id);


--
-- Name: auth_group_permissions auth_group_permissions_pkey; Type: CONSTRAINT; Schema: public; Owner: postgres
--

ALTER TABLE ONLY public.auth_group_permissions
    ADD CONSTRAINT auth_group_permissions_pkey PRIMARY KEY (id);


--
-- Name: auth_group auth_group_pkey; Type: CONSTRAINT; Schema: public; Owner: postgres
--

ALTER TABLE ONLY public.auth_group
    ADD CONSTRAINT auth_group_pkey PRIMARY KEY (id);


--
-- Name: auth_permission auth_permission_content_type_id_codename_01ab375a_uniq; Type: CONSTRAINT; Schema: public; Owner: postgres
--

ALTER TABLE ONLY public.auth_permission
    ADD CONSTRAINT auth_permission_content_type_id_codename_01ab375a_uniq UNIQUE (content_type_id, codename);


--
-- Name: auth_permission auth_permission_pkey; Type: CONSTRAINT; Schema: public; Owner: postgres
--

ALTER TABLE ONLY public.auth_permission
    ADD CONSTRAINT auth_permission_pkey PRIMARY KEY (id);


--
-- Name: auth_user_groups auth_user_groups_pkey; Type: CONSTRAINT; Schema: public; Owner: postgres
--

ALTER TABLE ONLY public.auth_user_groups
    ADD CONSTRAINT auth_user_groups_pkey PRIMARY KEY (id);


--
-- Name: auth_user_groups auth_user_groups_user_id_group_id_94350c0c_uniq; Type: CONSTRAINT; Schema: public; Owner: postgres
--

ALTER TABLE ONLY public.auth_user_groups
    ADD CONSTRAINT auth_user_groups_user_id_group_id_94350c0c_uniq UNIQUE (user_id, group_id);


--
-- Name: auth_user auth_user_pkey; Type: CONSTRAINT; Schema: public; Owner: postgres
--

ALTER TABLE ONLY public.auth_user
    ADD CONSTRAINT auth_user_pkey PRIMARY KEY (id);


--
-- Name: auth_user_user_permissions auth_user_user_permissions_pkey; Type: CONSTRAINT; Schema: public; Owner: postgres
--

ALTER TABLE ONLY public.auth_user_user_permissions
    ADD CONSTRAINT auth_user_user_permissions_pkey PRIMARY KEY (id);


--
-- Name: auth_user_user_permissions auth_user_user_permissions_user_id_permission_id_14a6b632_uniq; Type: CONSTRAINT; Schema: public; Owner: postgres
--

ALTER TABLE ONLY public.auth_user_user_permissions
    ADD CONSTRAINT auth_user_user_permissions_user_id_permission_id_14a6b632_uniq UNIQUE (user_id, permission_id);


--
-- Name: auth_user auth_user_username_key; Type: CONSTRAINT; Schema: public; Owner: postgres
--

ALTER TABLE ONLY public.auth_user
    ADD CONSTRAINT auth_user_username_key UNIQUE (username);


--
-- Name: django_admin_log django_admin_log_pkey; Type: CONSTRAINT; Schema: public; Owner: postgres
--

ALTER TABLE ONLY public.django_admin_log
    ADD CONSTRAINT django_admin_log_pkey PRIMARY KEY (id);


--
-- Name: django_content_type django_content_type_app_label_model_76bd3d3b_uniq; Type: CONSTRAINT; Schema: public; Owner: postgres
--

ALTER TABLE ONLY public.django_content_type
    ADD CONSTRAINT django_content_type_app_label_model_76bd3d3b_uniq UNIQUE (app_label, model);


--
-- Name: django_content_type django_content_type_pkey; Type: CONSTRAINT; Schema: public; Owner: postgres
--

ALTER TABLE ONLY public.django_content_type
    ADD CONSTRAINT django_content_type_pkey PRIMARY KEY (id);


--
-- Name: django_migrations django_migrations_pkey; Type: CONSTRAINT; Schema: public; Owner: postgres
--

ALTER TABLE ONLY public.django_migrations
    ADD CONSTRAINT django_migrations_pkey PRIMARY KEY (id);


--
-- Name: django_session django_session_pkey; Type: CONSTRAINT; Schema: public; Owner: postgres
--

ALTER TABLE ONLY public.django_session
    ADD CONSTRAINT django_session_pkey PRIMARY KEY (session_key);


--
-- Name: fitness_booking_app_booking fitness_booking_app_booking_pkey; Type: CONSTRAINT; Schema: public; Owner: postgres
--

ALTER TABLE ONLY public.fitness_booking_app_booking
    ADD CONSTRAINT fitness_booking_app_booking_pkey PRIMARY KEY (id);


--
-- Name: fitness_booking_app_customuser_groups fitness_booking_app_cust_customuser_id_group_id_2635450c_uniq; Type: CONSTRAINT; Schema: public; Owner: postgres
--

ALTER TABLE ONLY public.fitness_booking_app_customuser_groups
    ADD CONSTRAINT fitness_booking_app_cust_customuser_id_group_id_2635450c_uniq UNIQUE (customuser_id, group_id);


--
-- Name: fitness_booking_app_customuser_user_permissions fitness_booking_app_cust_customuser_id_permission_bfde06fa_uniq; Type: CONSTRAINT; Schema: public; Owner: postgres
--

ALTER TABLE ONLY public.fitness_booking_app_customuser_user_permissions
    ADD CONSTRAINT fitness_booking_app_cust_customuser_id_permission_bfde06fa_uniq UNIQUE (customuser_id, permission_id);


--
-- Name: fitness_booking_app_customuser_groups fitness_booking_app_customuser_groups_pkey; Type: CONSTRAINT; Schema: public; Owner: postgres
--

ALTER TABLE ONLY public.fitness_booking_app_customuser_groups
    ADD CONSTRAINT fitness_booking_app_customuser_groups_pkey PRIMARY KEY (id);


--
-- Name: fitness_booking_app_customuser fitness_booking_app_customuser_phone_number_key; Type: CONSTRAINT; Schema: public; Owner: postgres
--

ALTER TABLE ONLY public.fitness_booking_app_customuser
    ADD CONSTRAINT fitness_booking_app_customuser_phone_number_key UNIQUE (phone_number);


--
-- Name: fitness_booking_app_customuser fitness_booking_app_customuser_pkey; Type: CONSTRAINT; Schema: public; Owner: postgres
--

ALTER TABLE ONLY public.fitness_booking_app_customuser
    ADD CONSTRAINT fitness_booking_app_customuser_pkey PRIMARY KEY (id);


--
-- Name: fitness_booking_app_customuser_user_permissions fitness_booking_app_customuser_user_permissions_pkey; Type: CONSTRAINT; Schema: public; Owner: postgres
--

ALTER TABLE ONLY public.fitness_booking_app_customuser_user_permissions
    ADD CONSTRAINT fitness_booking_app_customuser_user_permissions_pkey PRIMARY KEY (id);


--
-- Name: fitness_booking_app_customuser fitness_booking_app_customuser_username_key; Type: CONSTRAINT; Schema: public; Owner: postgres
--

ALTER TABLE ONLY public.fitness_booking_app_customuser
    ADD CONSTRAINT fitness_booking_app_customuser_username_key UNIQUE (username);


--
-- Name: fitness_booking_app_fitnessclasses fitness_booking_app_fitnessclasses_pkey; Type: CONSTRAINT; Schema: public; Owner: postgres
--

ALTER TABLE ONLY public.fitness_booking_app_fitnessclasses
    ADD CONSTRAINT fitness_booking_app_fitnessclasses_pkey PRIMARY KEY (id);


--
-- Name: auth_group_name_a6ea08ec_like; Type: INDEX; Schema: public; Owner: postgres
--

CREATE INDEX auth_group_name_a6ea08ec_like ON public.auth_group USING btree (name varchar_pattern_ops);


--
-- Name: auth_group_permissions_group_id_b120cbf9; Type: INDEX; Schema: public; Owner: postgres
--

CREATE INDEX auth_group_permissions_group_id_b120cbf9 ON public.auth_group_permissions USING btree (group_id);


--
-- Name: auth_group_permissions_permission_id_84c5c92e; Type: INDEX; Schema: public; Owner: postgres
--

CREATE INDEX auth_group_permissions_permission_id_84c5c92e ON public.auth_group_permissions USING btree (permission_id);


--
-- Name: auth_permission_content_type_id_2f476e4b; Type: INDEX; Schema: public; Owner: postgres
--

CREATE INDEX auth_permission_content_type_id_2f476e4b ON public.auth_permission USING btree (content_type_id);


--
-- Name: auth_user_groups_group_id_97559544; Type: INDEX; Schema: public; Owner: postgres
--

CREATE INDEX auth_user_groups_group_id_97559544 ON public.auth_user_groups USING btree (group_id);


--
-- Name: auth_user_groups_user_id_6a12ed8b; Type: INDEX; Schema: public; Owner: postgres
--

CREATE INDEX auth_user_groups_user_id_6a12ed8b ON public.auth_user_groups USING btree (user_id);


--
-- Name: auth_user_user_permissions_permission_id_1fbb5f2c; Type: INDEX; Schema: public; Owner: postgres
--

CREATE INDEX auth_user_user_permissions_permission_id_1fbb5f2c ON public.auth_user_user_permissions USING btree (permission_id);


--
-- Name: auth_user_user_permissions_user_id_a95ead1b; Type: INDEX; Schema: public; Owner: postgres
--

CREATE INDEX auth_user_user_permissions_user_id_a95ead1b ON public.auth_user_user_permissions USING btree (user_id);


--
-- Name: auth_user_username_6821ab7c_like; Type: INDEX; Schema: public; Owner: postgres
--

CREATE INDEX auth_user_username_6821ab7c_like ON public.auth_user USING btree (username varchar_pattern_ops);


--
-- Name: django_admin_log_content_type_id_c4bce8eb; Type: INDEX; Schema: public; Owner: postgres
--

CREATE INDEX django_admin_log_content_type_id_c4bce8eb ON public.django_admin_log USING btree (content_type_id);


--
-- Name: django_admin_log_user_id_c564eba6; Type: INDEX; Schema: public; Owner: postgres
--

CREATE INDEX django_admin_log_user_id_c564eba6 ON public.django_admin_log USING btree (user_id);


--
-- Name: django_session_expire_date_a5c62663; Type: INDEX; Schema: public; Owner: postgres
--

CREATE INDEX django_session_expire_date_a5c62663 ON public.django_session USING btree (expire_date);


--
-- Name: django_session_session_key_c0390e0f_like; Type: INDEX; Schema: public; Owner: postgres
--

CREATE INDEX django_session_session_key_c0390e0f_like ON public.django_session USING btree (session_key varchar_pattern_ops);


--
-- Name: fitness_booking_app_booking_fitness_class_id_16b8f29d; Type: INDEX; Schema: public; Owner: postgres
--

CREATE INDEX fitness_booking_app_booking_fitness_class_id_16b8f29d ON public.fitness_booking_app_booking USING btree (fitness_class_id);


--
-- Name: fitness_booking_app_booking_user_id_a38aadac; Type: INDEX; Schema: public; Owner: postgres
--

CREATE INDEX fitness_booking_app_booking_user_id_a38aadac ON public.fitness_booking_app_booking USING btree (user_id);


--
-- Name: fitness_booking_app_custom_customuser_id_58d5501e; Type: INDEX; Schema: public; Owner: postgres
--

CREATE INDEX fitness_booking_app_custom_customuser_id_58d5501e ON public.fitness_booking_app_customuser_user_permissions USING btree (customuser_id);


--
-- Name: fitness_booking_app_custom_permission_id_85f6e826; Type: INDEX; Schema: public; Owner: postgres
--

CREATE INDEX fitness_booking_app_custom_permission_id_85f6e826 ON public.fitness_booking_app_customuser_user_permissions USING btree (permission_id);


--
-- Name: fitness_booking_app_customuser_groups_customuser_id_e082554e; Type: INDEX; Schema: public; Owner: postgres
--

CREATE INDEX fitness_booking_app_customuser_groups_customuser_id_e082554e ON public.fitness_booking_app_customuser_groups USING btree (customuser_id);


--
-- Name: fitness_booking_app_customuser_groups_group_id_110dadb4; Type: INDEX; Schema: public; Owner: postgres
--

CREATE INDEX fitness_booking_app_customuser_groups_group_id_110dadb4 ON public.fitness_booking_app_customuser_groups USING btree (group_id);


--
-- Name: fitness_booking_app_customuser_phone_number_33ce235a_like; Type: INDEX; Schema: public; Owner: postgres
--

CREATE INDEX fitness_booking_app_customuser_phone_number_33ce235a_like ON public.fitness_booking_app_customuser USING btree (phone_number varchar_pattern_ops);


--
-- Name: fitness_booking_app_customuser_username_53dea928_like; Type: INDEX; Schema: public; Owner: postgres
--

CREATE INDEX fitness_booking_app_customuser_username_53dea928_like ON public.fitness_booking_app_customuser USING btree (username varchar_pattern_ops);


--
-- Name: auth_group_permissions auth_group_permissio_permission_id_84c5c92e_fk_auth_perm; Type: FK CONSTRAINT; Schema: public; Owner: postgres
--

ALTER TABLE ONLY public.auth_group_permissions
    ADD CONSTRAINT auth_group_permissio_permission_id_84c5c92e_fk_auth_perm FOREIGN KEY (permission_id) REFERENCES public.auth_permission(id) DEFERRABLE INITIALLY DEFERRED;


--
-- Name: auth_group_permissions auth_group_permissions_group_id_b120cbf9_fk_auth_group_id; Type: FK CONSTRAINT; Schema: public; Owner: postgres
--

ALTER TABLE ONLY public.auth_group_permissions
    ADD CONSTRAINT auth_group_permissions_group_id_b120cbf9_fk_auth_group_id FOREIGN KEY (group_id) REFERENCES public.auth_group(id) DEFERRABLE INITIALLY DEFERRED;


--
-- Name: auth_permission auth_permission_content_type_id_2f476e4b_fk_django_co; Type: FK CONSTRAINT; Schema: public; Owner: postgres
--

ALTER TABLE ONLY public.auth_permission
    ADD CONSTRAINT auth_permission_content_type_id_2f476e4b_fk_django_co FOREIGN KEY (content_type_id) REFERENCES public.django_content_type(id) DEFERRABLE INITIALLY DEFERRED;


--
-- Name: auth_user_groups auth_user_groups_group_id_97559544_fk_auth_group_id; Type: FK CONSTRAINT; Schema: public; Owner: postgres
--

ALTER TABLE ONLY public.auth_user_groups
    ADD CONSTRAINT auth_user_groups_group_id_97559544_fk_auth_group_id FOREIGN KEY (group_id) REFERENCES public.auth_group(id) DEFERRABLE INITIALLY DEFERRED;


--
-- Name: auth_user_groups auth_user_groups_user_id_6a12ed8b_fk_auth_user_id; Type: FK CONSTRAINT; Schema: public; Owner: postgres
--

ALTER TABLE ONLY public.auth_user_groups
    ADD CONSTRAINT auth_user_groups_user_id_6a12ed8b_fk_auth_user_id FOREIGN KEY (user_id) REFERENCES public.auth_user(id) DEFERRABLE INITIALLY DEFERRED;


--
-- Name: auth_user_user_permissions auth_user_user_permi_permission_id_1fbb5f2c_fk_auth_perm; Type: FK CONSTRAINT; Schema: public; Owner: postgres
--

ALTER TABLE ONLY public.auth_user_user_permissions
    ADD CONSTRAINT auth_user_user_permi_permission_id_1fbb5f2c_fk_auth_perm FOREIGN KEY (permission_id) REFERENCES public.auth_permission(id) DEFERRABLE INITIALLY DEFERRED;


--
-- Name: auth_user_user_permissions auth_user_user_permissions_user_id_a95ead1b_fk_auth_user_id; Type: FK CONSTRAINT; Schema: public; Owner: postgres
--

ALTER TABLE ONLY public.auth_user_user_permissions
    ADD CONSTRAINT auth_user_user_permissions_user_id_a95ead1b_fk_auth_user_id FOREIGN KEY (user_id) REFERENCES public.auth_user(id) DEFERRABLE INITIALLY DEFERRED;


--
-- Name: django_admin_log django_admin_log_content_type_id_c4bce8eb_fk_django_co; Type: FK CONSTRAINT; Schema: public; Owner: postgres
--

ALTER TABLE ONLY public.django_admin_log
    ADD CONSTRAINT django_admin_log_content_type_id_c4bce8eb_fk_django_co FOREIGN KEY (content_type_id) REFERENCES public.django_content_type(id) DEFERRABLE INITIALLY DEFERRED;


--
-- Name: django_admin_log django_admin_log_user_id_c564eba6_fk_auth_user_id; Type: FK CONSTRAINT; Schema: public; Owner: postgres
--

ALTER TABLE ONLY public.django_admin_log
    ADD CONSTRAINT django_admin_log_user_id_c564eba6_fk_auth_user_id FOREIGN KEY (user_id) REFERENCES public.auth_user(id) DEFERRABLE INITIALLY DEFERRED;


--
-- Name: fitness_booking_app_customuser_user_permissions fitness_booking_app__customuser_id_58d5501e_fk_fitness_b; Type: FK CONSTRAINT; Schema: public; Owner: postgres
--

ALTER TABLE ONLY public.fitness_booking_app_customuser_user_permissions
    ADD CONSTRAINT fitness_booking_app__customuser_id_58d5501e_fk_fitness_b FOREIGN KEY (customuser_id) REFERENCES public.fitness_booking_app_customuser(id) DEFERRABLE INITIALLY DEFERRED;


--
-- Name: fitness_booking_app_customuser_groups fitness_booking_app__customuser_id_e082554e_fk_fitness_b; Type: FK CONSTRAINT; Schema: public; Owner: postgres
--

ALTER TABLE ONLY public.fitness_booking_app_customuser_groups
    ADD CONSTRAINT fitness_booking_app__customuser_id_e082554e_fk_fitness_b FOREIGN KEY (customuser_id) REFERENCES public.fitness_booking_app_customuser(id) DEFERRABLE INITIALLY DEFERRED;


--
-- Name: fitness_booking_app_booking fitness_booking_app__fitness_class_id_16b8f29d_fk_fitness_b; Type: FK CONSTRAINT; Schema: public; Owner: postgres
--

ALTER TABLE ONLY public.fitness_booking_app_booking
    ADD CONSTRAINT fitness_booking_app__fitness_class_id_16b8f29d_fk_fitness_b FOREIGN KEY (fitness_class_id) REFERENCES public.fitness_booking_app_fitnessclasses(id) DEFERRABLE INITIALLY DEFERRED;


--
-- Name: fitness_booking_app_customuser_groups fitness_booking_app__group_id_110dadb4_fk_auth_grou; Type: FK CONSTRAINT; Schema: public; Owner: postgres
--

ALTER TABLE ONLY public.fitness_booking_app_customuser_groups
    ADD CONSTRAINT fitness_booking_app__group_id_110dadb4_fk_auth_grou FOREIGN KEY (group_id) REFERENCES public.auth_group(id) DEFERRABLE INITIALLY DEFERRED;


--
-- Name: fitness_booking_app_customuser_user_permissions fitness_booking_app__permission_id_85f6e826_fk_auth_perm; Type: FK CONSTRAINT; Schema: public; Owner: postgres
--

ALTER TABLE ONLY public.fitness_booking_app_customuser_user_permissions
    ADD CONSTRAINT fitness_booking_app__permission_id_85f6e826_fk_auth_perm FOREIGN KEY (permission_id) REFERENCES public.auth_permission(id) DEFERRABLE INITIALLY DEFERRED;


--
-- Name: fitness_booking_app_booking fitness_booking_app__user_id_a38aadac_fk_fitness_b; Type: FK CONSTRAINT; Schema: public; Owner: postgres
--

ALTER TABLE ONLY public.fitness_booking_app_booking
    ADD CONSTRAINT fitness_booking_app__user_id_a38aadac_fk_fitness_b FOREIGN KEY (user_id) REFERENCES public.fitness_booking_app_customuser(id) DEFERRABLE INITIALLY DEFERRED;


--
-- PostgreSQL database dump complete
--

